{
    "accuracy": 0.9404216315307058,
    "precision": 0.777027027027027,
    "recall": 0.782312925170068,
    "auc": 0.9380656923786463
}
