{
    "accuracy": 0.9624197983501375,
    "precision": 0.9274193548387096,
    "recall": 0.782312925170068,
    "auc": 0.95980341289058
}
